error_id,language,file,line,stage,message,tool,confidence,target,rule_id,column
08ee9dd1a50b54876f1ff685d101a624595cd1a8,TypeScript,frontend/src/components/AdvancedFieldMapping.tsx,165,typecheck,Property 'jira_field_name' does not exist on type 'FieldMapping'. Did you mean 'field_name'?,tsc,HIGH,prod,TS2551,43
621441dbe272bb345790cc646d3f834d581ee238,TypeScript,frontend/src/components/AdvancedFieldMapping.tsx,168,typecheck,Property 'jira_field_id' does not exist on type 'FieldMapping'.,tsc,HIGH,prod,TS2339,36
84ccc925ef80eb589d314c7899d540671580c56b,TypeScript,frontend/src/components/AdvancedFieldMapping.tsx,172,typecheck,Property 'confidence' does not exist on type 'FieldMapping'.,tsc,HIGH,prod,TS2339,34
792ec2e015e51493a555757671bab4b7d30743b9,TypeScript,frontend/src/components/AdvancedFieldMapping.tsx,174,typecheck,Property 'confidence' does not exist on type 'FieldMapping'.,tsc,HIGH,prod,TS2339,58
765c4baecf23cedd9781eafd3128ed594f521055,TypeScript,frontend/src/components/AdvancedFieldMapping.tsx,176,typecheck,Property 'confidence' does not exist on type 'FieldMapping'.,tsc,HIGH,prod,TS2339,63
58072c49bff6df780397efb6de3eafcddd7d76fb,TypeScript,frontend/src/components/AdvancedFieldMapping.tsx,184,typecheck,Argument of type 'number | undefined' is not assignable to parameter of type 'number'.,tsc,HIGH,prod,TS2345,58
2c000afed5c4caf3f6ff2fbcbc3e79d6bdf55787,TypeScript,frontend/src/components/EmptyState.test.tsx,109,typecheck,Type '{ icon: Element; title: string; description: string; docsUrl: string; }' is not assignable to type 'IntrinsicAttributes & EmptyStateProps'.,tsc,HIGH,test,TS2322,9
50a5bea7ca8faefec1e1f8809b6eae6d2930cb9b,TypeScript,frontend/src/components/EmptyState.test.tsx,192,typecheck,"Type '{ icon: Element; title: string; description: string; primaryAction: { label: string; onClick: Mock<Procedure>; variant: ""contained""; }; secondaryAction: { label: string; onClick: Mock<...>; variant: ""outlined""; }; benefits: string[]; docsUrl: string; }' is not assignable to type 'IntrinsicAttributes & EmptyStateProps'.",tsc,HIGH,test,TS2322,9
6b657e46d4848b561685905378254d4bf9c7f58d,TypeScript,frontend/src/components/OnboardingWizard.tsx,152,typecheck,Property 'env' does not exist on type 'ImportMeta'.,tsc,HIGH,prod,TS2339,24
7c0677f78d70cfb18e64aaa6e7d784cf406c0520,TypeScript,frontend/src/components/OnboardingWizard.tsx,165,typecheck,Property 'env' does not exist on type 'ImportMeta'.,tsc,HIGH,prod,TS2339,59
3121a6e33c0d4f276ad3ecb532698fad3f208e9f,TypeScript,frontend/src/components/OnboardingWizard.tsx,195,typecheck,Property 'env' does not exist on type 'ImportMeta'.,tsc,HIGH,prod,TS2339,51
4a220d62a2db675630dd4c239a8bced26977814b,TypeScript,frontend/src/components/RepositoryStatus/RepositorySyncButton.tsx,16,typecheck,"Module '""@mui/icons-material""' has no exported member 'PullRequest'.",tsc,HIGH,prod,TS2305,3
6256f2746ebd51eceb5f63865e41596e0ac0577c,TypeScript,frontend/src/components/SuggestedLinksPanel.tsx,121,typecheck,Argument of type '{ projectId: number | undefined; }' is not assignable to parameter of type 'number'.,tsc,HIGH,prod,TS2345,32
e4decfd4a2cec488b7fbb8f569fa81a7ead8a081,TypeScript,frontend/src/components/SuggestedLinksPanel.tsx,156,typecheck,"Expected 1 arguments, but got 2.",tsc,HIGH,prod,TS2554,48
4ea764a4cee41c2f80c9eb61ca631e0d7aaab87a,TypeScript,frontend/src/components/SuggestedLinksPanel.tsx,166,typecheck,"Expected 1 arguments, but got 2.",tsc,HIGH,prod,TS2554,47
272e7c0d365414af52f3e6dc618528fe4e214a23,TypeScript,frontend/src/components/capacity/CFDVisualization.tsx,154,typecheck,"Object literal may only specify known properties, and 'limit' does not exist in type '{ sprintId?: number | undefined; startDate?: string | undefined; endDate?: string | undefined; }'.",tsc,HIGH,prod,TS2353,43
3a209c67cfb4b49ad5a72e9d495efc46aab280c7,TypeScript,frontend/src/components/capacity/CapacitySettingsPanel.tsx,113,typecheck,"Type 'CapacityColor' is not assignable to type 'OverridableStringUnion<""error"" | ""warning"" | ""success"" | ""inherit"" | ""primary"" | ""secondary"" | ""info"", LinearProgressPropsColorOverrides> | undefined'.",tsc,HIGH,prod,TS2322,9
bfd6f94af828176493c129fbba3d606468a33fc4,TypeScript,frontend/src/components/capacity/CapacitySettingsPanel.tsx,152,typecheck,"Object literal may only specify known properties, and 'sprintWeeks' does not exist in type '{ sprintId?: number | undefined; asOfDate?: string | undefined; }'.",tsc,HIGH,prod,TS2353,57
5176be29b2f34e7591435bcfe3f18398e0dd5a8f,TypeScript,frontend/src/components/capacity/CapacitySettingsPanel.tsx,93,typecheck,No overload matches this call.,tsc,HIGH,prod,TS2769,9
6d833d55eafc6541efbe943aa9d608e2a5c07a27,TypeScript,frontend/src/components/capacity/TeamHealthDashboard.tsx,217,typecheck,Argument of type '{ limit: number; }' is not assignable to parameter of type 'number'.,tsc,HIGH,prod,TS2345,37
64e80f6d584385fcc65fcf3df239b0914219a1dc,TypeScript,frontend/src/hooks/useParallelLoading.ts,9,typecheck,"Module '""../utils/apiOptimization""' declares 'ParallelLoadResult' locally, but it is not exported.",tsc,HIGH,prod,TS2459,24
8ba9f6f65458b0d1b2090976bb37edd310f755b0,TypeScript,frontend/src/pages/Analytics.tsx,191,typecheck,Property 'created_date' does not exist on type 'TaskItem'.,tsc,HIGH,prod,TS2339,57
28318697e7e0199a3b310f91f69f97336470de6f,TypeScript,frontend/src/pages/Analytics.tsx,191,typecheck,Property 'resolved_date' does not exist on type 'TaskItem'.,tsc,HIGH,prod,TS2339,40
40787d198484267ec4c0f9404b0e43174b80d504,TypeScript,frontend/src/pages/Analytics.tsx,191,typecheck,Property 'updated_date' does not exist on type 'TaskItem'.,tsc,HIGH,prod,TS2339,24
752e5f7b1685097c0226f7acb8cb2d2f96625910,TypeScript,frontend/src/pages/Analytics.tsx,211,typecheck,Property 'updated_date' does not exist on type 'TaskItem'.,tsc,HIGH,prod,TS2339,40
d691dceafe341bd4b404d73f3daba019b6d42936,TypeScript,frontend/src/pages/Analytics.tsx,212,typecheck,Property 'updated_date' does not exist on type 'TaskItem'.,tsc,HIGH,prod,TS2339,28
526e85642ebbb8510575ec6050c9837e2cfcbc40,TypeScript,frontend/src/pages/Analytics.tsx,262,typecheck,Property 'resolved_date' does not exist on type 'TaskItem'.,tsc,HIGH,prod,TS2339,14
20871c86af76700d56ad2849415cdbd4c4ba4889,TypeScript,frontend/src/pages/Analytics.tsx,263,typecheck,Property 'resolved_date' does not exist on type 'TaskItem'.,tsc,HIGH,prod,TS2339,35
8307aed8a16803400b540d125335239359173e0d,TypeScript,frontend/src/pages/Analytics.tsx,268,typecheck,Property 'resolved_date' does not exist on type 'TaskItem'.,tsc,HIGH,prod,TS2339,35
ffb97a6e6974faba6a83234264d5952fff3c658b,TypeScript,frontend/src/pages/Analytics.tsx,269,typecheck,Property 'created_date' does not exist on type 'TaskItem'.,tsc,HIGH,prod,TS2339,23
4acefa89bf4e0e20a55b62af03a362dbb60783c0,TypeScript,frontend/src/pages/Analytics.tsx,269,typecheck,Property 'updated_date' does not exist on type 'TaskItem'.,tsc,HIGH,prod,TS2339,41
9a4bcd7cee765d94f95258a0ad33d2d351d05bb6,TypeScript,frontend/src/pages/Dashboard.tsx,763,typecheck,No overload matches this call.,tsc,HIGH,prod,TS2769,23
ffa1b8520c481b4032410383c3e8b6b75e4f38ba,TypeScript,frontend/src/pages/Dashboard.tsx,907,typecheck,Property 'limit' does not exist on type 'SprintWipStatus'.,tsc,HIGH,prod,TS2339,57
bb2658fdb66ff1c8ce255e2c31886ab54af901f1,TypeScript,frontend/src/pages/JiraFieldsConfig.tsx,135,typecheck,Property 'warning' does not exist on type 'CalibrationResult'.,tsc,HIGH,prod,TS2339,18
9ed4e12ded7a700814219e8383d313d48dd888c9,TypeScript,frontend/src/pages/JiraFieldsConfig.tsx,136,typecheck,Property 'warning' does not exist on type 'CalibrationResult'.,tsc,HIGH,prod,TS2339,29
79325b3617e33048c2b989e7358c2d7845b75485,TypeScript,frontend/src/pages/Knowledge.tsx,190,typecheck,Property 'env' does not exist on type 'ImportMeta'.,tsc,HIGH,prod,TS2339,58
a5e695acde7fa3e4523d83c0c1f1a3d53b7fd9a0,TypeScript,frontend/src/pages/Knowledge.tsx,401,typecheck,Argument of type 'unknown[]' is not assignable to parameter of type 'SetStateAction<TreeNode[] | null>'.,tsc,HIGH,prod,TS2345,15
3314a0b437c7fa4b4052c2421f005f9b73e747dd,TypeScript,frontend/src/pages/Knowledge.tsx,403,typecheck,'n' is of type 'unknown'.,tsc,HIGH,prod,TS18046,58
9b62519309d4d6a35da2c00d1d0d2b977a71d306,TypeScript,frontend/src/pages/Knowledge.tsx,404,typecheck,Argument of type 'unknown[]' is not assignable to parameter of type 'TreeNode[]'.,tsc,HIGH,prod,TS2345,131
58acca4b4c070e6a5f7c3c4128b9c8229dcd74ce,TypeScript,frontend/src/pages/Knowledge.tsx,465,typecheck,Argument of type 'TreeNode[] | undefined' is not assignable to parameter of type 'TreeNode[]'.,tsc,HIGH,prod,TS2345,35
6af91a5da4438a3c14a2330e0cb9564ce5075314,TypeScript,frontend/src/pages/ProjectDetail.tsx,1037,typecheck,'e' is of type 'unknown'.,tsc,HIGH,prod,TS18046,76
62280b7418ef7779ba4ecc65678ecd1bd5b9da38,TypeScript,frontend/src/pages/ProjectDetail.tsx,1037,typecheck,Property 'response' does not exist on type '{}'.,tsc,HIGH,prod,TS2339,50
37026bf53131f771e71f29135652a8b7b939d12d,TypeScript,frontend/src/pages/ProjectDetail.tsx,1077,typecheck,Property 'response' does not exist on type '{}'.,tsc,HIGH,prod,TS2339,14
ca77d6eacead23382fd0c063934b3d3883046b11,TypeScript,frontend/src/pages/ProjectDetail.tsx,1078,typecheck,Property 'message' does not exist on type '{}'.,tsc,HIGH,prod,TS2339,14
6e85565748f2b4aae3761b7ace848b72d7ea3431,TypeScript,frontend/src/pages/ProjectDetail.tsx,1111,typecheck,Property 'has_token' does not exist on type '{ configured: boolean; base_url?: string | null | undefined; status?: string | undefined; }'.,tsc,HIGH,prod,TS2339,60
5fb4a5ecbaf082120196117bb49368d4e50c7941,TypeScript,frontend/src/pages/ProjectDetail.tsx,1278,typecheck,Property 'meta' does not exist on type 'Project'.,tsc,HIGH,prod,TS2339,21
b550b1c1ad07f15a509279bebff774b2bb2d557f,TypeScript,frontend/src/pages/ProjectDetail.tsx,1280,typecheck,Property 'meta' does not exist on type 'Project'.,tsc,HIGH,prod,TS2339,53
f9b526c9671896718a71c054ccbdb697e88be7c9,TypeScript,frontend/src/pages/ProjectDetail.tsx,1330,typecheck,'project.completed_tasks' is possibly 'undefined'.,tsc,HIGH,prod,TS18048,40
834068cfdba7492134d8d3b4b0e3c1b86c3d3425,TypeScript,frontend/src/pages/ProjectDetail.tsx,1330,typecheck,'project.total_tasks' is possibly 'undefined'.,tsc,HIGH,prod,TS18048,18
95296434e7b7a1ac139e39fb445c26a6f48d7859,TypeScript,frontend/src/pages/ProjectDetail.tsx,1412,typecheck,Property 'spent_budget' does not exist on type 'Project'.,tsc,HIGH,prod,TS2339,28
858164244f09d92162741263923bcf126a78c778,TypeScript,frontend/src/pages/ProjectDetail.tsx,1457,typecheck,Property 'ideal_burndown' does not exist on type 'BurndownData'.,tsc,HIGH,prod,TS2339,36
34043d2a254b13029073db5dc11a596c95439b85,TypeScript,frontend/src/pages/ProjectDetail.tsx,1463,typecheck,Property 'ideal_burndown' does not exist on type 'BurndownData'.,tsc,HIGH,prod,TS2339,38
80661488a9e532962e8fd6644d611755edb9ae78,TypeScript,frontend/src/pages/ProjectDetail.tsx,1473,typecheck,Property 'actual_burndown' does not exist on type 'BurndownData'.,tsc,HIGH,prod,TS2339,33
37348f1d99f10751385d1759c8de834ba4dfc305,TypeScript,frontend/src/pages/ProjectDetail.tsx,1474,typecheck,Property 'ideal_burndown' does not exist on type 'BurndownData'.,tsc,HIGH,prod,TS2339,33
de4e6d3d21ee2c5d2aa4466ce1070ab1d3afb412,TypeScript,frontend/src/pages/ProjectDetail.tsx,1535,typecheck,'member.days_since_activity' is possibly 'undefined'.,tsc,HIGH,prod,TS18048,27
931488a4bc38a3f75f78ead2151077d740ed19d8,TypeScript,frontend/src/pages/ProjectDetail.tsx,1536,typecheck,'member.days_since_activity' is possibly 'undefined'.,tsc,HIGH,prod,TS18048,27
dee8d4f0770bbeab7578c6b9fbb0bfb6e1cf5dad,TypeScript,frontend/src/pages/ProjectDetail.tsx,1614,typecheck,Argument of type 'unknown' is not assignable to parameter of type 'SetStateAction<BurndownData | null>'.,tsc,HIGH,prod,TS2345,39
948aa3578ddbd0b13681c17bf18734ab82c51291,TypeScript,frontend/src/pages/ProjectDetail.tsx,1617,typecheck,Argument of type 'SprintQuality' is not assignable to parameter of type 'SetStateAction<SprintQualityData | null>'.,tsc,HIGH,prod,TS2345,38
d2b94e49cac2428ba35e8598681381ac4ba36ed8,TypeScript,frontend/src/pages/ProjectDetail.tsx,1620,typecheck,Argument of type 'SprintCapacity' is not assignable to parameter of type 'SetStateAction<SprintCapacityData | null>'.,tsc,HIGH,prod,TS2345,39
4a81dc5ce3774447e2210d8257e5ecc0dc5e9b7e,TypeScript,frontend/src/pages/ProjectDetail.tsx,1625,typecheck,Property 'sprint_id' does not exist on type 'Sprint'.,tsc,HIGH,prod,TS2339,36
4a81dc5ce3774447e2210d8257e5ecc0dc5e9b7e,TypeScript,frontend/src/pages/ProjectDetail.tsx,1625,typecheck,Property 'sprint_id' does not exist on type 'Sprint'.,tsc,HIGH,prod,TS2339,56
771fb8e4a4f09c7dc0f75a8f4ae6c6edb0ea2842,TypeScript,frontend/src/pages/ProjectDetail.tsx,1637,typecheck,Property 'sprint_id' does not exist on type 'Sprint'.,tsc,HIGH,prod,TS2339,26
3b6b328f9132b13e06fe324f382f6a2c351fbb8e,TypeScript,frontend/src/pages/ProjectDetail.tsx,1643,typecheck,Property 'commitment' does not exist on type 'Sprint'.,tsc,HIGH,prod,TS2339,53
e2ba83b5285d70f0d4c90a10ead407654c79f210,TypeScript,frontend/src/pages/ProjectDetail.tsx,1643,typecheck,Property 'commitment_hours' does not exist on type 'Sprint'.,tsc,HIGH,prod,TS2339,25
ee6a8d1c94f7d34702cce8e8da98457dd9750448,TypeScript,frontend/src/pages/ProjectDetail.tsx,1645,typecheck,Property 'completed' does not exist on type 'Sprint'.,tsc,HIGH,prod,TS2339,52
c3b5b1df59baa10d5280fb9458662eda117223c2,TypeScript,frontend/src/pages/ProjectDetail.tsx,1645,typecheck,Property 'completed_hours' does not exist on type 'Sprint'.,tsc,HIGH,prod,TS2339,25
107430f71a558b87bdb8ac410efe3e64a63bf987,TypeScript,frontend/src/pages/ProjectDetail.tsx,1646,typecheck,Property 'scope_added_hours' does not exist on type 'Sprint'.,tsc,HIGH,prod,TS2339,47
5658ee2dc83be3c631fbec65da95d9295b09f0da,TypeScript,frontend/src/pages/ProjectDetail.tsx,1648,typecheck,Property 'predictability_pct' does not exist on type 'Sprint'.,tsc,HIGH,prod,TS2339,25
fd616f7b3d7f330c88ab0085bb5919d44e01e855,TypeScript,frontend/src/pages/ProjectDetail.tsx,1652,typecheck,Property 'carryover_hours' does not exist on type 'Sprint'.,tsc,HIGH,prod,TS2339,46
405e58a975a3b7cdf29cd2b68e4ab2475a27e475,TypeScript,frontend/src/pages/ProjectDetail.tsx,1657,typecheck,No overload matches this call.,tsc,HIGH,prod,TS2769,37
56717c97c6e0be39913720a1d86d99764da7336d,TypeScript,frontend/src/pages/ProjectDetail.tsx,1658,typecheck,No overload matches this call.,tsc,HIGH,prod,TS2769,37
62100f1eb1ffc471b98c0782ff8a561400b88181,TypeScript,frontend/src/pages/ProjectDetail.tsx,1725,typecheck,Property 'ideal_burndown' does not exist on type 'BurndownData'.,tsc,HIGH,prod,TS2339,44
fdf1b2174c1030256313b703d84847d0dc78178b,TypeScript,frontend/src/pages/ProjectDetail.tsx,1731,typecheck,Property 'ideal_burndown' does not exist on type 'BurndownData'.,tsc,HIGH,prod,TS2339,46
966f7f27a49bab8b2eef665c942ea5edfd30dc3d,TypeScript,frontend/src/pages/ProjectDetail.tsx,1741,typecheck,Property 'actual_burndown' does not exist on type 'BurndownData'.,tsc,HIGH,prod,TS2339,41
e1c74ce1c9896f9bfe4f9c6930a5aa29cad9cde4,TypeScript,frontend/src/pages/ProjectDetail.tsx,1742,typecheck,Property 'ideal_burndown' does not exist on type 'BurndownData'.,tsc,HIGH,prod,TS2339,41
83cf26f2021282cc8d7317f104e88f80f9534e98,TypeScript,frontend/src/pages/ProjectDetail.tsx,1766,typecheck,Property 'weeks' does not exist on type 'SprintCapacityData'.,tsc,HIGH,prod,TS2339,40
8b1553aba61b934678d51f9971e5d6e1f19e0641,TypeScript,frontend/src/pages/ProjectDetail.tsx,1767,typecheck,Property 'capacity_hours_per_person' does not exist on type 'SprintCapacityData'.,tsc,HIGH,prod,TS2339,44
a379a9ee8de2548b79a59bf5486afa12c79718cf,TypeScript,frontend/src/pages/ProjectDetail.tsx,1803,typecheck,Property 'utilization_pct' does not exist on type '{ assignee: string; capacity_hours: number; planned_hours: number; completed_hours: number; }'.,tsc,HIGH,prod,TS2339,33
9132c65b1ce4d1f3e91dca8717fc7151513946b2,TypeScript,frontend/src/pages/ProjectDetail.tsx,1805,typecheck,Property 'utilization_pct' does not exist on type '{ assignee: string; capacity_hours: number; planned_hours: number; completed_hours: number; }'.,tsc,HIGH,prod,TS2339,37
4dd3936eb4efa99bf1cb8cef7aaf0ebbb4dbec08,TypeScript,frontend/src/pages/ProjectDetail.tsx,1810,typecheck,Property 'utilization_pct' does not exist on type '{ assignee: string; capacity_hours: number; planned_hours: number; completed_hours: number; }'.,tsc,HIGH,prod,TS2339,30
f77c653c2116cb6d3a1e852fc0abe23ccafa4cda,TypeScript,frontend/src/pages/ProjectDetail.tsx,1833,typecheck,Property 'dod_pct' does not exist on type 'SprintQualityData'.,tsc,HIGH,prod,TS2339,40
4e715f36cafdd39d4ce5d884f7e656fdeb4b5b5e,TypeScript,frontend/src/pages/ProjectDetail.tsx,1845,typecheck,Property 'blockers' does not exist on type 'SprintQualityData'.,tsc,HIGH,prod,TS2339,39
8cd8ada102bcbc0562074db5e2a191c288db622a,TypeScript,frontend/src/pages/ProjectDetail.tsx,1857,typecheck,Property 'bugs_by_priority' does not exist on type 'SprintQualityData'.,tsc,HIGH,prod,TS2339,39
e25c7ca3b2dca31a1e5a7ced07b1ce5e60b95762,TypeScript,frontend/src/pages/ProjectDetail.tsx,1858,typecheck,Property 'bugs_by_priority' does not exist on type 'SprintQualityData'.,tsc,HIGH,prod,TS2339,56
2a068cf62933baacdfdfbf28f7281d6ce26b0c0e,TypeScript,frontend/src/pages/ProjectDetail.tsx,1939,typecheck,Property 'message' does not exist on type '{}'.,tsc,HIGH,prod,TS2339,31
4819a678937457e70055a130efa24fc54b5927c3,TypeScript,frontend/src/pages/ProjectDetail.tsx,1982,typecheck,Property 'created_at' does not exist on type 'QualityHistoryItem'.,tsc,HIGH,prod,TS2339,34
1e0fe47c39ceab0ce07b643bab450c174f5b8d21,TypeScript,frontend/src/pages/ProjectDetail.tsx,1987,typecheck,Property 'passed' does not exist on type 'QualityHistoryItem'. Did you mean 'pass'?,tsc,HIGH,prod,TS2551,58
acc12cbe6dca07710549aed7c5a66d2034fd4201,TypeScript,frontend/src/pages/ProjectDetail.tsx,2019,typecheck,Property 'passed' does not exist on type 'QualityHistoryItem'. Did you mean 'pass'?,tsc,HIGH,prod,TS2551,52
504ccd31639423eae50d3ae17d55d9e2e6d8caea,TypeScript,frontend/src/pages/ProjectDetail.tsx,2056,typecheck,'prs' is of type 'unknown'.,tsc,HIGH,prod,TS18046,36
2f9e18c1d5599065a12620bfb3a592551523f88e,TypeScript,frontend/src/pages/ProjectDetail.tsx,2080,typecheck,Argument of type 'unknown[]' is not assignable to parameter of type 'SetStateAction<QualityHistoryItem[]>'.,tsc,HIGH,prod,TS2345,31
adfaa4ac03aa2539fc2353fa3f073f7d4b317c8d,TypeScript,frontend/src/pages/ProjectDetail.tsx,2086,typecheck,Property 'message' does not exist on type '{}'.,tsc,HIGH,prod,TS2339,33
8af7a712fe2e816ebd77728634a32e9e8f64c8c2,TypeScript,frontend/src/pages/ProjectDetail.tsx,2594,typecheck,Property 'has_token' does not exist on type '{ configured: boolean; base_url?: string | null | undefined; status?: string | undefined; }'.,tsc,HIGH,prod,TS2339,67
f219f795a0ed8f82bbfdcb16b89d7e9d613b5f13,TypeScript,frontend/src/pages/ProjectDetail.tsx,2629,typecheck,No overload matches this call.,tsc,HIGH,prod,TS2769,37
3e7a91757ffe6450b5a8c7457b97220c675cc7ec,TypeScript,frontend/src/pages/ProjectDetail.tsx,2651,typecheck,'e' is of type 'unknown'.,tsc,HIGH,prod,TS18046,79
f3241933535f88ad9e122208daf875a017a607de,TypeScript,frontend/src/pages/ProjectDetail.tsx,2651,typecheck,Property 'response' does not exist on type '{}'.,tsc,HIGH,prod,TS2339,53
85781cdb378818f5eaa05b1b8927b14fb19a6127,TypeScript,frontend/src/pages/ProjectDetail.tsx,274,typecheck,"Object literal may only specify known properties, and 'spent_budget' does not exist in type 'Project | ((prevState: Project | null) => Project | null)'.",tsc,HIGH,prod,TS2353,7
6640eb5afa649f8770e686e6666cb9cfbe0fd36a,TypeScript,frontend/src/pages/ProjectDetail.tsx,274,typecheck,Property 'spent_budget' does not exist on type 'Project'.,tsc,HIGH,prod,TS2339,26
3dfc068d65573bdd74a06c8e72f4263214fa85fb,TypeScript,frontend/src/pages/ProjectDetail.tsx,287,typecheck,"Expected 1 arguments, but got 3.",tsc,HIGH,prod,TS2554,51
8f558e255b2dbdf426da8eebc81bc06efd614360,TypeScript,frontend/src/pages/ProjectDetail.tsx,354,typecheck,Property 'response' does not exist on type '{}'.,tsc,HIGH,prod,TS2339,20
031405504c6464bbf12fe1717915554a5be16cf5,TypeScript,frontend/src/pages/ProjectDetail.tsx,355,typecheck,Property 'message' does not exist on type '{}'.,tsc,HIGH,prod,TS2339,20
4dc71ec28c023545f2a0c7685f1368fe47caa03c,TypeScript,frontend/src/pages/ProjectDetail.tsx,381,typecheck,"Object literal may only specify known properties, and 'groupPath' does not exist in type '{ search?: string | undefined; page?: number | undefined; per_page?: number | undefined; }'.",tsc,HIGH,prod,TS2353,11
489e1c70d68f32226871b02236db621a5715ee81,TypeScript,frontend/src/pages/ProjectDetail.tsx,396,typecheck,Property 'response' does not exist on type '{}'.,tsc,HIGH,prod,TS2339,18
38e8e1f5cc57ee03502bbd9a3c3134294f3889a1,TypeScript,frontend/src/pages/ProjectDetail.tsx,397,typecheck,Property 'message' does not exist on type '{}'.,tsc,HIGH,prod,TS2339,18
207b945653db67d7dafa0986c9c61378f6df0f14,TypeScript,frontend/src/pages/ProjectDetail.tsx,448,typecheck,Property 'has_token' does not exist on type '{ configured: boolean; base_url?: string | null | undefined; status?: string | undefined; }'.,tsc,HIGH,prod,TS2339,55
50af9b296a7446a1a1607b26031d72e641cef7be,TypeScript,frontend/src/pages/ProjectDetail.tsx,470,typecheck,"Expected 1 arguments, but got 2.",tsc,HIGH,prod,TS2554,47
45f5628293678264807e84a963bac929c787ef0b,TypeScript,frontend/src/pages/ProjectDetail.tsx,481,typecheck,Property 'message' does not exist on type '{}'.,tsc,HIGH,prod,TS2339,55
fbe33cd35938583d22bc2f9a868797ca5f2cc4ae,TypeScript,frontend/src/pages/ProjectDetail.tsx,481,typecheck,Property 'response' does not exist on type '{}'.,tsc,HIGH,prod,TS2339,26
40c6c59f2c38358180c930cba6497ac867b87c2b,TypeScript,frontend/src/pages/ProjectDetail.tsx,544,typecheck,Property 'response' does not exist on type '{}'.,tsc,HIGH,prod,TS2339,16
83146127e67fb057ddf1dc7ad5888c0da2244342,TypeScript,frontend/src/pages/ProjectDetail.tsx,545,typecheck,Property 'message' does not exist on type '{}'.,tsc,HIGH,prod,TS2339,16
435aba5b8eda55740b36d23987afee6b8928d15f,TypeScript,frontend/src/pages/ProjectDetail.tsx,566,typecheck,Property 'response' does not exist on type '{}'.,tsc,HIGH,prod,TS2339,16
ddfdc64feaaafdd55f5c92bacc0cf684138ccf9a,TypeScript,frontend/src/pages/ProjectDetail.tsx,567,typecheck,Property 'message' does not exist on type '{}'.,tsc,HIGH,prod,TS2339,16
1c8d17b41ebbfcdfb8f5e5432ca8fbecfdf093f6,TypeScript,frontend/src/pages/ProjectDetail.tsx,588,typecheck,Property 'response' does not exist on type '{}'.,tsc,HIGH,prod,TS2339,16
00f2b2c3376fc3ccd7176c18357b50f1de6162ea,TypeScript,frontend/src/pages/ProjectDetail.tsx,589,typecheck,Property 'message' does not exist on type '{}'.,tsc,HIGH,prod,TS2339,16
bf121871bb8021fb22d84b6491c7f78f4fd833c6,TypeScript,frontend/src/pages/ProjectDetail.tsx,627,typecheck,Property 'has_token' does not exist on type '{ configured: boolean; base_url?: string | null | undefined; auth_mode?: string | undefined; }'.,tsc,HIGH,prod,TS2339,71
393a11ce756473c24307d75b67501e7a7b91df8f,TypeScript,frontend/src/pages/ProjectDetail.tsx,628,typecheck,Property 'has_token' does not exist on type '{ configured: boolean; base_url?: string | null | undefined; auth_mode?: string | undefined; }'.,tsc,HIGH,prod,TS2339,71
c5fe8a5bb034688755b914c16924811c12be5188,TypeScript,frontend/src/pages/ProjectDetail.tsx,656,typecheck,Property 'response' does not exist on type '{}'.,tsc,HIGH,prod,TS2339,20
688cfbb3da4e0d08737daa9a463796cbb241c557,TypeScript,frontend/src/pages/ProjectDetail.tsx,657,typecheck,Property 'message' does not exist on type '{}'.,tsc,HIGH,prod,TS2339,20
2ef3c5cc37fe50a452931868ebff6f8f45a893ce,TypeScript,frontend/src/pages/ProjectDetail.tsx,685,typecheck,Property 'has_token' does not exist on type '{ configured: boolean; base_url?: string | null | undefined; auth_mode?: string | undefined; }'.,tsc,HIGH,prod,TS2339,71
3035f10b00eba091fecc8f75155c0bb35049a003,TypeScript,frontend/src/pages/ProjectDetail.tsx,686,typecheck,Property 'has_token' does not exist on type '{ configured: boolean; base_url?: string | null | undefined; auth_mode?: string | undefined; }'.,tsc,HIGH,prod,TS2339,71
85125dda88a593f49816db34ccce367dc8a1f999,TypeScript,frontend/src/pages/ProjectDetail.tsx,770,typecheck,Argument of type 'unknown[]' is not assignable to parameter of type 'SetStateAction<QualityHistoryItem[]>'.,tsc,HIGH,prod,TS2345,21
7209b01a73ee562b25eb3fa400e27ced00757013,TypeScript,frontend/src/pages/ProjectDetail.tsx,805,typecheck,Argument of type 'unknown' is not assignable to parameter of type 'SetStateAction<RisksData | null>'.,tsc,HIGH,prod,TS2345,22
83ae8d6841458e2b6b8c42502c5a2a8d769048b1,TypeScript,frontend/src/pages/ProjectDetail.tsx,813,typecheck,Argument of type 'unknown' is not assignable to parameter of type 'SetStateAction<BurndownData | null>'.,tsc,HIGH,prod,TS2345,25
ba4f3c8f7d84ca006309315ac183d3e6faaa3762,TypeScript,frontend/src/pages/ProjectDetail.tsx,822,typecheck,Property 'average_velocity' does not exist on type '{}'.,tsc,HIGH,prod,TS2339,31
5be7fba27fcc661fc678b1d9473af4fb6670257f,TypeScript,frontend/src/pages/ProjectDetail.tsx,849,typecheck,Argument of type '{}' is not assignable to parameter of type 'SetStateAction<TeamMemberActivity[]>'.,tsc,HIGH,prod,TS2345,28
5041750b47005840f50f97de9344bb9e107fb3e6,TypeScript,frontend/src/pages/ProjectDetail.tsx,879,typecheck,Property 'sprint_id' does not exist on type 'Sprint'.,tsc,HIGH,prod,TS2339,40
88c196c4e656951ef0b67cb211f53f5f654f7ac2,TypeScript,frontend/src/pages/ProjectDetail.tsx,886,typecheck,Argument of type 'unknown' is not assignable to parameter of type 'SetStateAction<BurndownData | null>'.,tsc,HIGH,prod,TS2345,35
20aaece963408795729b868fad91869484a454a7,TypeScript,frontend/src/pages/ProjectDetail.tsx,886,typecheck,Property 'sprint_id' does not exist on type 'Sprint'.,tsc,HIGH,prod,TS2339,66
38563033056694cff9aa300b553d6f6959b494c1,TypeScript,frontend/src/pages/ProjectDetail.tsx,894,typecheck,Argument of type 'SprintQuality' is not assignable to parameter of type 'SetStateAction<SprintQualityData | null>'.,tsc,HIGH,prod,TS2345,34
5ea8e22b59fbc037a689a5438d27e6cac7baf6bb,TypeScript,frontend/src/pages/ProjectDetail.tsx,894,typecheck,Property 'sprint_id' does not exist on type 'Sprint'.,tsc,HIGH,prod,TS2339,64
14d3c44e8b9af637107f12a0a925ca2219330032,TypeScript,frontend/src/pages/ProjectDetail.tsx,902,typecheck,Argument of type 'SprintCapacity' is not assignable to parameter of type 'SetStateAction<SprintCapacityData | null>'.,tsc,HIGH,prod,TS2345,35
a4ab82a1999caa8a48049f876b32f1168637b45f,TypeScript,frontend/src/pages/ProjectDetail.tsx,902,typecheck,Property 'sprint_id' does not exist on type 'Sprint'.,tsc,HIGH,prod,TS2339,66
2fdd0e5e8bc612bd6abd62d0e7c548391c45580c,TypeScript,frontend/src/pages/ProjectDetail.tsx,910,typecheck,Property 'meta' does not exist on type 'Project'.,tsc,HIGH,prod,TS2339,36
b23ed63ecf6ceee5f11212848d93170ed08bb9cf,TypeScript,frontend/src/pages/ProjectDetail.tsx,911,typecheck,Property 'meta' does not exist on type 'Project'.,tsc,HIGH,prod,TS2339,31
e9df476b084458237f25789a93f9fcc6ee06aa0b,TypeScript,frontend/src/pages/ProjectDetail.tsx,924,typecheck,Property 'has_token' does not exist on type '{ configured: boolean; base_url?: string | null | undefined; status?: string | undefined; }'.,tsc,HIGH,prod,TS2339,70
5d70667b004ec1b8d8beefdd0de2181ef3dd1fa3,TypeScript,frontend/src/pages/ProjectDetail.tsx,954,typecheck,"Expected 1 arguments, but got 2.",tsc,HIGH,prod,TS2554,58
8912a7a406a55f0557bdf2e5ec8d66600b1753f0,TypeScript,frontend/src/pages/Projects.tsx,126,typecheck,"Expected 1 arguments, but got 2.",tsc,HIGH,prod,TS2554,50
c144909acf83a1cead62a31be049b90059c368e1,TypeScript,frontend/src/pages/Projects.tsx,183,typecheck,"Expected 1 arguments, but got 2.",tsc,HIGH,prod,TS2554,46
66361e0522019ea93fbeb57c200363a45da517a8,TypeScript,frontend/src/pages/Projects.tsx,265,typecheck,"Object literal may only specify known properties, and 'owner_id' does not exist in type '{ jira_key: string; name: string; description?: string | undefined; status?: string | undefined; start_date?: string | undefined; end_date?: string | undefined; }'.",tsc,HIGH,prod,TS2353,47
9759eaa2b220bdab2bdce4f8ecd324a89e239c14,TypeScript,frontend/src/pages/Projects.tsx,286,typecheck,"Expected 1 arguments, but got 2.",tsc,HIGH,prod,TS2554,53
2bd35ad619feaaec066acecb48d16ed15f867b94,TypeScript,frontend/src/pages/Quality.tsx,177,typecheck,No overload matches this call.,tsc,HIGH,prod,TS2769,12
bef39a13d68b91e91ab96a4ec727bb1befa5376c,TypeScript,frontend/src/pages/Quality.tsx,177,typecheck,Object is possibly 'undefined'.,tsc,HIGH,prod,TS2532,38
bef39a13d68b91e91ab96a4ec727bb1befa5376c,TypeScript,frontend/src/pages/Quality.tsx,177,typecheck,Object is possibly 'undefined'.,tsc,HIGH,prod,TS2532,38
bef39a13d68b91e91ab96a4ec727bb1befa5376c,TypeScript,frontend/src/pages/Quality.tsx,177,typecheck,Object is possibly 'undefined'.,tsc,HIGH,prod,TS2532,38
66b76f46ff0befcf5341330328f25f4397c9a98e,TypeScript,frontend/src/pages/Quality.tsx,285,typecheck,Argument of type 'string | undefined' is not assignable to parameter of type 'string'.,tsc,HIGH,prod,TS2345,42
8b728a52cf15891613e2debca8fc28e86740a72e,TypeScript,frontend/src/pages/Quality.tsx,65,typecheck,'pr' is of type 'unknown'.,tsc,HIGH,prod,TS18046,16
b448e4a505f638978bd421705adea20a1172ce62,TypeScript,frontend/src/pages/Quality.tsx,76,typecheck,'pr' is of type 'unknown'.,tsc,HIGH,prod,TS18046,29
fcf113acbe3ee5fc77109c86a239fa70049c8e58,TypeScript,frontend/src/pages/Quality.tsx,78,typecheck,Type 'number' has no properties in common with type '{ project_id?: number | undefined; min_line?: number | undefined; min_branch?: number | undefined; }'.,tsc,HIGH,prod,TS2559,64
949f80d098edff373036a4658a8345548c031ce0,TypeScript,frontend/src/pages/Quality.tsx,79,typecheck,Type 'unknown' is not assignable to type 'QualityGateResult'.,tsc,HIGH,prod,TS2322,13
9405e1bc362241a4b07689d434bf0eca033567f0,TypeScript,frontend/src/pages/Quality.tsx,82,typecheck,'pr' is of type 'unknown'.,tsc,HIGH,prod,TS18046,84
9405e1bc362241a4b07689d434bf0eca033567f0,TypeScript,frontend/src/pages/Quality.tsx,82,typecheck,'pr' is of type 'unknown'.,tsc,HIGH,prod,TS18046,154
5024a24515921a761345067565b2d94fc1b433d8,TypeScript,frontend/src/pages/Quality.tsx,96,typecheck,Property 'github' does not exist on type '{}'.,tsc,HIGH,prod,TS2339,56
1f6ac6480d968316d3c14f4ad94559477db91952,TypeScript,frontend/src/pages/Quality.tsx,96,typecheck,Property 'jira' does not exist on type '{}'.,tsc,HIGH,prod,TS2339,28
06c9a787a4944d9565341dd56668f610ac689bd9,TypeScript,frontend/src/pages/Settings.tsx,166,typecheck,"Object literal may only specify known properties, and 'use_pat' does not exist in type '{ base_url?: string | undefined; email?: string | undefined; api_token?: string | undefined; }'.",tsc,HIGH,prod,TS2353,9
8c9a6f8e3779bbad22cfd2398d6bfac23c2b7b83,TypeScript,frontend/src/pages/Settings.tsx,211,typecheck,Property 'name' does not exist on type '{ status: string; message?: string | undefined; }'.,tsc,HIGH,prod,TS2339,52
029f3a03ed8c1455dba78651ea8f754d48b8d785,TypeScript,frontend/src/pages/Settings.tsx,211,typecheck,Property 'username' does not exist on type '{ status: string; message?: string | undefined; }'.,tsc,HIGH,prod,TS2339,30
146ca9f70fc612c513b2cd70ca5782db6c45d219,TypeScript,frontend/src/pages/Settings.tsx,228,typecheck,Property 'status_count' does not exist on type '{ status: string; message?: string | undefined; }'.,tsc,HIGH,prod,TS2339,42
146ca9f70fc612c513b2cd70ca5782db6c45d219,TypeScript,frontend/src/pages/Settings.tsx,228,typecheck,Property 'status_count' does not exist on type '{ status: string; message?: string | undefined; }'.,tsc,HIGH,prod,TS2339,94
4e88d8b250e362b040b1a7b78fe7698f75441824,TypeScript,frontend/src/pages/Settings.tsx,455,typecheck,"Object literal may only specify known properties, and 'webhook_secret' does not exist in type '{ base_url?: string | undefined; api_token?: string | undefined; }'.",tsc,HIGH,prod,TS2353,19
177895954e850ce674ba79b5438bcefb4dc6cf3d,TypeScript,frontend/src/pages/SprintCapacity.tsx,166,typecheck,Type '{ projectId: number; sprintId: number | undefined; }' is not assignable to type 'IntrinsicAttributes & CapacitySettingsPanelProps'.,tsc,HIGH,prod,TS2322,15
180d0eae9d9f047afde061f68596861742457ca9,TypeScript,frontend/src/pages/SprintCapacity.tsx,73,typecheck,Type 'number' has no properties in common with type '{ project_id?: number | undefined; }'.,tsc,HIGH,prod,TS2559,38
d85fa15de88e9e53a33c6b197b2aacbc498ab0d9,TypeScript,frontend/src/pages/Tasks.tsx,105,typecheck,Property 'project_id' does not exist on type 'TaskItem'.,tsc,HIGH,prod,TS2339,33
6625eab07f2b042b1d44ab8c20dc82d35af5cfe9,TypeScript,frontend/src/pages/Tasks.tsx,137,typecheck,Property 'business_value' does not exist on type 'TaskRow'.,tsc,HIGH,prod,TS2339,67
6625eab07f2b042b1d44ab8c20dc82d35af5cfe9,TypeScript,frontend/src/pages/Tasks.tsx,137,typecheck,Property 'business_value' does not exist on type 'TaskRow'.,tsc,HIGH,prod,TS2339,104
fcf65c73997908deb54e89270e4da6625237db6f,TypeScript,frontend/src/pages/Testing.tsx,446,typecheck,Type 'number | undefined' is not assignable to type 'number'.,tsc,HIGH,prod,TS2322,33
c90b361e0d2f660da5c8596c95f0cc56bd0e2ef3,TypeScript,frontend/src/pages/Traceability.tsx,157,typecheck,Argument of type '{ projectId: number | undefined; force: boolean | undefined; }' is not assignable to parameter of type 'number'.,tsc,HIGH,prod,TS2345,48
b4e578b0233b093a2912dc3d6dcc8aa6014902f7,TypeScript,frontend/src/pages/Traceability.tsx,305,typecheck,"Expected 1 arguments, but got 2.",tsc,HIGH,prod,TS2554,63
e15694d61b2237e8604ca1e5076e384e0b66c6b6,TypeScript,frontend/src/pages/__tests__/Dashboard.test.tsx,182,typecheck,Property 'mockResolvedValue' does not exist on type '(pagination?: PaginationParams | undefined) => Promise<Project[]>'.,tsc,HIGH,test,TS2339,18
c1dbb9083f6baf202b46de36c09e517d9877421e,TypeScript,frontend/src/pages/__tests__/Dashboard.test.tsx,183,typecheck,"Property 'mockResolvedValue' does not exist on type '(filters?: { status?: string | undefined; assignee?: string | undefined; project_id?: number | undefined; skip?: number | undefined; limit?: number | undefined; } | undefined, config?: AxiosRequestConfig<...> | undefined) => Promise<...>'.",tsc,HIGH,test,TS2339,15
2239c908154b03c175e9758d47c1a4c8bb770a16,TypeScript,frontend/src/pages/__tests__/Dashboard.test.tsx,184,typecheck,"Property 'mockResolvedValue' does not exist on type '(filters?: { project_id?: number | undefined; } | undefined, config?: AxiosRequestConfig<any> | undefined) => Promise<Sprint[]>'.",tsc,HIGH,test,TS2339,17
99dcb068db6c19fd179fc37e75f985c128f02a71,TypeScript,frontend/src/pages/__tests__/Dashboard.test.tsx,185,typecheck,Property 'mockResolvedValue' does not exist on type '(projectId: number) => Promise<BudgetHoursResponse>'.,tsc,HIGH,test,TS2339,27
606ffca55f4b20205fe8d3a44c019cfd065af9cb,TypeScript,frontend/src/pages/__tests__/Dashboard.test.tsx,191,typecheck,Property 'mockResolvedValue' does not exist on type '(projectId: number) => Promise<ValueMetricsResponse>'.,tsc,HIGH,test,TS2339,28
c606845c0e19bcd259ee156aafb2a057c2e5c137,TypeScript,frontend/src/pages/__tests__/Dashboard.test.tsx,192,typecheck,Property 'mockResolvedValue' does not exist on type '(id: number) => Promise<Project>'.,tsc,HIGH,test,TS2339,20
f65720859429511f0495328654f1aa284d61345e,TypeScript,frontend/src/pages/__tests__/Dashboard.test.tsx,193,typecheck,Property 'mockResolvedValue' does not exist on type '(sprintId: number) => Promise<SprintWipStatus>'.,tsc,HIGH,test,TS2339,24
93c0e9290632e5c21865306013dc0fb81c75417a,TypeScript,frontend/src/pages/__tests__/Dashboard.test.tsx,194,typecheck,Property 'mockResolvedValue' does not exist on type '() => Promise<IntegrationStatusResponse>'.,tsc,HIGH,test,TS2339,27
6f3edc2c5d260da71d432792810e516b35a95899,TypeScript,frontend/src/pages/__tests__/Dashboard.test.tsx,244,typecheck,"Property 'mock' does not exist on type '(filters?: { status?: string | undefined; assignee?: string | undefined; project_id?: number | undefined; skip?: number | undefined; limit?: number | undefined; } | undefined, config?: AxiosRequestConfig<...> | undefined) => Promise<...>'.",tsc,HIGH,test,TS2339,41
bdc501aa6499daae4b45624536ca9c7cf32823f3,TypeScript,frontend/src/pages/__tests__/Dashboard.test.tsx,245,typecheck,Property 'mock' does not exist on type '(projectId: number) => Promise<BudgetHoursResponse>'.,tsc,HIGH,test,TS2339,54
cf6e8846375b34a1611d6d31585a4ccc079f574f,TypeScript,frontend/src/pages/__tests__/Dashboard.test.tsx,251,typecheck,"Property 'mock' does not exist on type '(filters?: { status?: string | undefined; assignee?: string | undefined; project_id?: number | undefined; skip?: number | undefined; limit?: number | undefined; } | undefined, config?: AxiosRequestConfig<...> | undefined) => Promise<...>'.",tsc,HIGH,test,TS2339,42
bea582e8d47ab2cff4d48ea4869a15a04e269896,TypeScript,frontend/src/pages/__tests__/Dashboard.test.tsx,252,typecheck,Property 'mock' does not exist on type '(projectId: number) => Promise<BudgetHoursResponse>'.,tsc,HIGH,test,TS2339,54
f3a8981871d0101ec4303f2074a4e6d7e185db19,TypeScript,frontend/src/pages/__tests__/Traceability.test.tsx,100,typecheck,"Property 'mockResolvedValue' does not exist on type '(jiraKey: string, config?: AxiosRequestConfig<any> | undefined) => Promise<TraceabilityTaskArtifacts>'.",tsc,HIGH,test,TS2339,34
2f4d119be09cbc5db1ec64fe32faa73a2ec67ccb,TypeScript,frontend/src/pages/__tests__/Traceability.test.tsx,28,typecheck,Property 'mockResolvedValue' does not exist on type '(pagination?: PaginationParams | undefined) => Promise<Project[]>'.,tsc,HIGH,test,TS2339,18
580d53c69cbfdf115885265adf3182d82fe08adc,TypeScript,frontend/src/pages/__tests__/Traceability.test.tsx,37,typecheck,"Property 'mockResolvedValue' does not exist on type '(projectId: number, opts?: { timeout?: number | undefined; } | undefined) => Promise<TraceabilityMatrixSummary>'.",tsc,HIGH,test,TS2339,27
774f97f56a48cdb9956c896c7df384c995b99b40,TypeScript,frontend/src/pages/__tests__/Traceability.test.tsx,81,typecheck,Property 'mockResolvedValue' does not exist on type '(projectId: number) => Promise<TraceabilityBackfillResult>'.,tsc,HIGH,test,TS2339,29
bcfc41ce3bc5a56e1082c668c4928951cceb5dc0,TypeScript,frontend/src/pages/__tests__/Traceability.test.tsx,88,typecheck,Property 'mockResolvedValue' does not exist on type '(opts?: { search?: string | undefined; page?: number | undefined; per_page?: number | undefined; } | undefined) => Promise<GitlabProjectsResponse>'.,tsc,HIGH,test,TS2339,24
bcded9367bf76847fcadde90134732c9576390e0,TypeScript,frontend/src/pages/__tests__/Traceability.test.tsx,90,typecheck,"Property 'mockResolvedValue' does not exist on type '(artifactId: number, opts?: { depth?: number | undefined; timeoutMs?: number | undefined; } | undefined) => Promise<TraceabilityRequirementFlow>'.",tsc,HIGH,test,TS2339,36
aa07a4e060c60c18a26cc1a989d72896a7e010fa,TypeScript,frontend/src/store/dataThunks.ts,125,typecheck,"Argument of type 'import(""/Users/kkitanin/Documents/MyApps/po_copilot/po_helper/frontend/src/services/api/sprints"").Sprint[]' is not assignable to parameter of type 'Sprint[]'.",tsc,HIGH,prod,TS2345,25
6155c80a166767df59b112dab92cc065df538d5d,TypeScript,frontend/src/store/dataThunks.ts,46,typecheck,"Expected 1 arguments, but got 2.",tsc,HIGH,prod,TS2554,48
12c7d8bcc676a8cd0f39060bf60aed7580caf68f,TypeScript,frontend/src/store/dataThunks.ts,97,typecheck,Type 'TaskItem[]' is not assignable to type 'Task[]'.,tsc,HIGH,prod,TS2322,25
4e907f6ff60212198befbca7b45c4cd5e0f61d90,TypeScript,frontend/src/utils/apiOptimization.ts,236,typecheck,"Type 'Map<TKey, { resolve: (result: TResult) => void; reject: (error: Error) => void; }[]>' can only be iterated through when using the '--downlevelIteration' flag or with a '--target' of 'es2015' or higher.",tsc,HIGH,prod,TS2802,38
102cdbb495bbaef109df3d0f5d212dfd7b77357e,TypeScript,frontend/src/utils/apiOptimization.ts,239,typecheck,Parameter 'cb' implicitly has an 'any' type.,tsc,HIGH,prod,TS7006,29
ce8b77530aa8921b1068dffc78d406cbee79ecb3,TypeScript,frontend/src/utils/apiOptimization.ts,241,typecheck,Parameter 'cb' implicitly has an 'any' type.,tsc,HIGH,prod,TS7006,29
69f1c2dace5e0c3585fdbb0caae80f7e0035c885,TypeScript,frontend/src/utils/apiOptimization.ts,247,typecheck,Type 'MapIterator<{ resolve: (result: TResult) => void; reject: (error: Error) => void; }[]>' can only be iterated through when using the '--downlevelIteration' flag or with a '--target' of 'es2015' or higher.,tsc,HIGH,prod,TS2802,31
50d7f8e17d28155202371b734147c33f13966198,TypeScript,frontend/src/utils/apiOptimization.ts,248,typecheck,Parameter 'cb' implicitly has an 'any' type.,tsc,HIGH,prod,TS7006,27
11845257a346c2a58de0363290bb202402ae7434,TypeScript,frontend/src/utils/apiOptimization.ts,415,typecheck,Type 'MapIterator<string>' can only be iterated through when using the '--downlevelIteration' flag or with a '--target' of 'es2015' or higher.,tsc,HIGH,prod,TS2802,23
d279b91d819cc59e4f0a5a1fb05ab33e2a4fc431,TypeScript,frontend/src/utils/apiOptimization.ts,580,typecheck,"Type 'AnalyticsData' does not satisfy the constraint 'Record<string, unknown>'.",tsc,HIGH,prod,TS2344,31
a3f25404afdf1e1badc61c0a94e7407fc59e319f,TypeScript,frontend/src/utils/backendHealth.ts,43,typecheck,No overload matches this call.,tsc,HIGH,prod,TS2769,21
36ea53847c04e0774bdf235250da3ad595b14c64,TypeScript,frontend/src/utils/env.ts,1,typecheck,Property 'env' does not exist on type 'ImportMeta'.,tsc,HIGH,prod,TS2339,26
4dce7a5bb152440e6b812845612eb0cc1e0bc184,TypeScript,frontend/src/utils/env.ts,7,typecheck,Property 'env' does not exist on type 'ImportMeta'.,tsc,HIGH,prod,TS2339,39
56d9af4ecf30de1e4baf6a7426b240da4022a2ec,TypeScript,frontend/src/utils/logout.ts,187,typecheck,Variable 'PRESERVED_KEYS' implicitly has an 'any[]' type.,tsc,HIGH,prod,TS7005,32
fc3d795ba50fd2d3bb486c199ca503625d820b45,TypeScript,frontend/src/utils/logout.ts,28,typecheck,Variable 'PRESERVED_KEYS' implicitly has type 'any[]' in some locations where its type cannot be determined.,tsc,HIGH,prod,TS7034,7
35dc23b9eae3db8f86c4bf812feead481c27dae1,TypeScript,frontend/src/utils/logout.ts,73,typecheck,Variable 'PRESERVED_KEYS' implicitly has an 'any[]' type.,tsc,HIGH,prod,TS7005,32
